Province/State,Country/Region,Lat,Long,1/22/20,1/23/20,1/24/20,1/25/20,1/26/20,1/27/20,1/28/20,1/29/20,1/30/20,1/31/20,2/01/2020,2/02/2020,2/03/2020,2/04/2020,2/05/2020,2/06/2020,2/07/2020,2/08/2020,2/09/2020,2/10/2020,2/11/2020,2/12/2020,2/13/20,2/14/20,2/15/20,2/16/20,2/17/20,2/18/20,2/19/20,2/20/20,2/21/20,2/22/20,2/23/20,2/24/20,2/25/20,2/26/20,2/27/20,2/28/20,2/29/20,3/01/2020,3/02/2020,3/03/2020,3/04/2020,3/05/2020,3/06/2020,3/07/2020,3/08/2020,3/09/2020,3/10/2020,3/11/2020,3/12/2020,3/13/20,3/14/20,3/15/20,3/16/20,3/17/20,3/18/20,3/19/20,3/20/20,3/21/20,3/22/20,3/23/20,3/24/20,3/25/20,3/26/20,3/27/20,3/28/20,3/29/20,3/30/20,3/31/20,4/01/2020,4/02/2020,4/03/2020,4/04/2020,4/05/2020,4/06/2020,4/07/2020,4/08/2020,4/09/2020,4/10/2020,4/11/2020,4/12/2020,4/13/20,4/14/20,4/15/20,4/16/20,4/17/20,4/18/20,4/19/20,4/20/20,4/21/20,4/22/20,4/23/20,4/24/20,4/25/20,4/26/20,4/27/20,4/28/20,4/29/20,4/30/20,5/01/2020,5/02/2020,5/03/2020,5/04/2020,5/05/2020,5/06/2020,5/07/2020,5/08/2020,5/09/2020,5/10/2020,5/11/2020,5/12/2020,5/13/20,5/14/20,5/15/20,5/16/20,5/17/20,5/18/20,5/19/20,5/20/20,5/21/20,5/22/20,5/23/20,5/24/20,5/25/20,5/26/20,5/27/20,5/28/20,5/29/20,5/30/20,5/31/20,6/01/2020,6/02/2020,6/03/2020,6/04/2020,6/05/2020,6/06/2020,6/07/2020,6/08/2020,6/09/2020,6/10/2020,6/11/2020,6/12/2020,6/13/20,6/14/20,6/15/20,6/16/20,6/17/20,6/18/20,6/19/20,6/20/20,6/21/20,6/22/20,6/23/20,6/24/20,6/25/20,6/26/20,6/27/20,6/28/20,6/29/20,6/30/20,7/01/2020,7/02/2020,7/03/2020,7/04/2020,7/05/2020,7/06/2020,7/07/2020,7/08/2020,7/09/2020,7/10/2020,7/11/2020,7/12/2020,7/13/20,7/14/20,7/15/20,7/16/20,7/17/20,7/18/20,7/19/20,7/20/20,7/21/20,7/22/20,7/23/20,7/24/20,7/25/20,7/26/20,7/27/20,7/28/20,7/29/20,7/30/20,7/31/20,8/01/2020,8/02/2020,8/03/2020,8/04/2020,8/05/2020,8/06/2020,8/07/2020,8/08/2020,8/09/2020,8/10/2020,8/11/2020,8/12/2020,8/13/20,8/14/20,8/15/20,8/16/20,8/17/20,8/18/20,8/19/20,8/20/20,8/21/20,8/22/20,8/23/20,8/24/20,8/25/20,8/26/20,8/27/20,8/28/20,8/29/20,8/30/20,8/31/20,9/01/2020,9/02/2020,9/03/2020,9/04/2020,9/05/2020,9/06/2020,9/07/2020,9/08/2020,9/09/2020,9/10/2020,9/11/2020,9/12/2020,9/13/20,9/14/20,9/15/20,9/16/20,9/17/20,9/18/20,9/19/20,9/20/20,9/21/20,9/22/20,9/23/20,9/24/20,9/25/20,9/26/20,9/27/20,9/28/20,9/29/20,9/30/20,10/01/2020,10/02/2020,10/03/2020,10/04/2020,10/05/2020,10/06/2020,10/07/2020,10/08/2020,10/09/2020,10/10/2020,10/11/2020,10/12/2020,10/13/20,10/14/20,10/15/20,10/16/20,10/17/20,10/18/20,10/19/20,10/20/20,10/21/20,10/22/20,10/23/20,10/24/20,10/25/20,10/26/20,10/27/20,10/28/20,10/29/20,10/30/20,10/31/20,11/01/2020,11/02/2020,11/03/2020,11/04/2020,11/05/2020,11/06/2020,11/07/2020,11/08/2020,11/09/2020,11/10/2020,11/11/2020,11/12/2020,11/13/20,11/14/20,11/15/20,11/16/20,11/17/20,11/18/20,11/19/20,11/20/20,11/21/20,11/22/20,11/23/20,11/24/20,11/25/20,11/26/20,11/27/20,11/28/20,11/29/20,11/30/20,12/01/2020,12/02/2020,12/03/2020,12/04/2020,12/05/2020,12/06/2020,12/07/2020,12/08/2020,12/09/2020,12/10/2020,12/11/2020,12/12/2020,12/13/20,12/14/20,12/15/20,12/16/20,12/17/20,12/18/20,12/19/20,12/20/20,12/21/20,12/22/20,12/23/20,12/24/20,12/25/20,12/26/20,12/27/20,12/28/20,12/29/20,12/30/20,12/31/20,1/01/2021,1/02/2021,1/03/2021,1/04/2021,1/05/2021,1/06/2021,1/07/2021,1/08/2021,1/09/2021,1/10/2021,1/11/2021,1/12/2021,1/13/21,1/14/21,1/15/21,1/16/21,1/17/21,1/18/21,1/19/21,1/20/21,1/21/21,1/22/21,1/23/21,1/24/21,1/25/21,1/26/21,1/27/21,1/28/21,1/29/21,1/30/21,1/31/21,2/01/2021,2/02/2021,2/03/2021,2/04/2021,2/05/2021,2/06/2021,2/07/2021,2/08/2021,2/09/2021,2/10/2021,2/11/2021,2/12/2021,2/13/21,2/14/21,2/15/21,2/16/21,2/17/21,2/18/21,2/19/21,2/20/21,2/21/21,2/22/21,2/23/21,2/24/21,2/25/21,2/26/21,2/27/21,2/28/21,3/01/2021,3/02/2021,3/03/2021,3/04/2021,3/05/2021,3/06/2021,3/07/2021,3/08/2021,3/09/2021,3/10/2021,3/11/2021,3/12/2021,3/13/21,3/14/21,3/15/21,3/16/21,3/17/21,3/18/21,3/19/21,3/20/21,3/21/21,3/22/21,3/23/21,3/24/21,3/25/21,3/26/21,3/27/21,3/28/21,3/29/21,3/30/21,3/31/21,4/01/2021,4/02/2021,4/03/2021,4/04/2021,4/05/2021,4/06/2021,4/07/2021,4/08/2021,4/09/2021,4/10/2021,4/11/2021,4/12/2021,4/13/21,4/14/21,4/15/21,4/16/21,4/17/21,4/18/21,4/19/21,4/20/21,4/21/21,4/22/21,4/23/21,4/24/21,4/25/21,4/26/21,4/27/21,4/28/21,4/29/21,4/30/21,5/01/2021,5/02/2021,5/03/2021,5/04/2021,5/05/2021,5/06/2021,5/07/2021,5/08/2021,5/09/2021,5/10/2021,5/11/2021,5/12/2021,5/13/21,5/14/21,5/15/21,5/16/21,5/17/21,5/18/21,5/19/21,5/20/21,5/21/21,5/22/21,5/23/21,5/24/21,5/25/21,5/26/21,5/27/21,5/28/21,5/29/21,5/30/21,5/31/21,6/01/2021,6/02/2021,6/03/2021,6/04/2021,6/05/2021,6/06/2021,6/07/2021,6/08/2021,6/09/2021,6/10/2021,6/11/2021,6/12/2021,6/13/21,6/14/21,6/15/21,6/16/21,6/17/21,6/18/21,6/19/21,6/20/21,6/21/21,6/22/21,6/23/21,6/24/21,6/25/21,6/26/21,6/27/21,6/28/21,6/29/21,6/30/21,7/01/2021,7/02/2021,7/03/2021,7/04/2021,7/05/2021,7/06/2021,7/07/2021,7/08/2021,7/09/2021,7/10/2021,7/11/2021,7/12/2021,7/13/21,7/14/21,7/15/21,7/16/21,7/17/21,7/18/21,7/19/21,7/20/21,7/21/21,7/22/21,7/23/21,7/24/21,7/25/21,7/26/21,7/27/21,7/28/21,7/29/21,7/30/21,7/31/21,8/01/2021,8/02/2021,8/03/2021,8/04/2021,8/05/2021,8/06/2021,8/07/2021,8/08/2021,8/09/2021,8/10/2021,8/11/2021,8/12/2021,8/13/21,8/14/21,8/15/21,8/16/21,8/17/21,8/18/21,8/19/21,8/20/21,8/21/21,8/22/21,8/23/21,8/24/21,8/25/21,8/26/21,8/27/21,8/28/21,8/29/21,8/30/21,8/31/21,9/01/2021,9/02/2021,9/03/2021,9/04/2021,9/05/2021,9/06/2021,9/07/2021,9/08/2021,9/09/2021,9/10/2021,9/11/2021,9/12/2021,9/13/21,9/14/21,9/15/21,9/16/21,9/17/21,9/18/21,9/19/21,9/20/21,9/21/21,9/22/21,9/23/21,9/24/21,9/25/21,9/26/21,9/27/21,9/28/21,9/29/21,9/30/21,10/01/2021,10/02/2021,10/03/2021,10/04/2021,10/05/2021,10/06/2021,10/07/2021,10/08/2021,10/09/2021,10/10/2021,10/11/2021,10/12/2021,10/13/21,10/14/21,10/15/21,10/16/21,10/17/21,10/18/21,10/19/21,10/20/21,10/21/21,10/22/21,10/23/21,10/24/21,10/25/21,10/26/21,10/27/21,10/28/21,10/29/21,10/30/21,10/31/21,11/01/2021,11/02/2021,11/03/2021,11/04/2021,11/05/2021,11/06/2021,11/07/2021,11/08/2021,11/09/2021,11/10/2021,11/11/2021,11/12/2021,11/13/21,11/14/21,11/15/21,11/16/21,11/17/21,11/18/21,11/19/21,11/20/21,11/21/21,11/22/21,11/23/21
,Brunei,4.5353,114.7277,0,0,0,0,0,0,0,0,0,0,0,0,0,0,0,0,0,0,0,0,0,0,0,0,0,0,0,0,0,0,0,0,0,0,0,0,0,0,0,0,0,0,0,0,0,0,0,0,0,0,0,0,0,0,0,0,0,0,0,0,0,0,0,0,0,0,1,1,1,1,1,1,1,1,1,1,1,1,1,1,1,1,1,1,1,1,1,1,1,1,1,1,1,1,1,1,1,1,1,1,1,1,1,1,1,1,1,1,1,1,1,1,1,1,1,1,1,1,1,1,1,1,1,1,1,1,2,2,2,2,2,2,2,2,2,2,2,2,2,2,2,2,2,2,2,2,3,3,3,3,3,3,3,3,3,3,3,3,3,3,3,3,3,3,3,3,3,3,3,3,3,3,3,3,3,3,3,3,3,3,3,3,3,3,3,3,3,3,3,3,3,3,3,3,3,3,3,3,3,3,3,3,3,3,3,3,3,3,3,3,3,3,3,3,3,3,3,3,3,3,3,3,3,3,3,3,3,3,3,3,3,3,3,3,3,3,3,3,3,3,3,3,3,3,3,3,3,3,3,3,3,3,3,3,3,3,3,3,3,3,3,3,3,3,3,3,3,3,3,3,3,3,3,3,3,3,3,3,3,3,3,3,3,3,3,3,3,3,3,3,3,3,3,3,3,3,3,3,3,3,3,3,3,3,3,3,3,3,3,3,3,3,3,3,3,3,3,3,3,3,3,3,3,3,3,3,3,3,3,3,3,3,3,3,3,3,3,3,3,3,3,3,3,3,3,3,3,3,3,3,3,3,3,3,3,3,3,3,3,3,3,3,3,3,3,3,3,3,3,3,3,3,3,3,3,3,3,3,3,3,3,3,3,3,3,3,3,3,3,3,3,3,3,3,3,3,3,3,3,3,3,3,3,3,3,3,3,3,3,3,3,3,3,3,3,3,3,3,3,3,3,3,3,3,3,3,3,3,3,3,3,3,3,3,3,3,3,3,3,3,3,3,3,3,3,3,3,3,3,3,3,3,3,3,3,3,3,3,3,3,3,3,3,3,3,3,3,3,3,3,3,3,3,3,3,3,3,3,3,3,3,3,3,3,3,3,3,3,3,3,3,3,3,3,3,3,3,3,3,3,3,3,3,3,3,3,3,3,3,3,3,3,3,3,3,3,3,3,3,3,3,3,3,3,3,3,3,3,3,3,3,3,3,3,3,3,3,3,3,3,3,3,3,3,3,3,3,3,3,3,3,3,3,3,3,3,3,3,3,3,3,3,3,3,3,3,3,3,3,3,3,3,3,3,3,3,3,3,3,3,3,6,6,7,7,7,8,9,11,12,12,12,12,15,16,16,17,18,19,21,21,21,23,23,24,26,26,28,29,31,31,33,33,37,38,39,40,42,43,43,43,60,60,61,62,62,63,64,64,64,67,67,68,68,73,76,77,78,79,79,80,80,81,82,82,83,86,87,88,89,89,89,91,91,93,93,93,93,93,95,95,96,96,96,96,96,96,96,96,96,96,96
,Burma,21.9162,95.956,0,0,0,0,0,0,0,0,0,0,0,0,0,0,0,0,0,0,0,0,0,0,0,0,0,0,0,0,0,0,0,0,0,0,0,0,0,0,0,0,0,0,0,0,0,0,0,0,0,0,0,0,0,0,0,0,0,0,0,0,0,0,0,0,0,0,0,0,0,1,1,1,1,1,1,1,1,3,3,3,3,4,4,4,4,4,4,5,5,5,5,5,5,5,5,5,5,5,6,6,6,6,6,6,6,6,6,6,6,6,6,6,6,6,6,6,6,6,6,6,6,6,6,6,6,6,6,6,6,6,6,6,6,6,6,6,6,6,6,6,6,6,6,6,6,6,6,6,6,6,6,6,6,6,6,6,6,6,6,6,6,6,6,6,6,6,6,6,6,6,6,6,6,6,6,6,6,6,6,6,6,6,6,6,6,6,6,6,6,6,6,6,6,6,6,6,6,6,6,6,6,6,6,6,6,6,6,6,6,6,6,6,6,6,6,6,6,6,6,6,6,6,6,6,6,6,7,8,8,8,12,14,14,14,16,24,32,39,46,61,75,81,94,100,116,133,155,174,198,226,256,284,310,321,353,371,412,444,471,510,535,566,598,646,664,693,732,765,799,838,880,914,945,972,1005,1038,1066,1095,1122,1147,1172,1199,1219,1237,1258,1282,1307,1330,1352,1376,1396,1420,1437,1461,1480,1508,1534,1552,1577,1599,1625,1650,1676,1695,1722,1739,1765,1784,1810,1846,1865,1887,1918,1941,1972,1998,2028,2059,2081,2110,2132,2151,2174,2201,2220,2245,2268,2292,2319,2346,2377,2398,2424,2443,2465,2484,2507,2532,2552,2579,2601,2618,2637,2664,2682,2697,2711,2728,2744,2766,2785,2799,2812,2826,2846,2858,2878,2902,2912,2926,2942,2955,2973,2986,2997,3013,3031,3045,3062,3069,3082,3089,3103,3115,3125,3131,3138,3138,3160,3163,3168,3168,3168,3177,3180,3181,3184,3188,3188,3189,3190,3192,3192,3191,3194,3196,3196,3197,3197,3197,3198,3198,3199,3199,3199,3199,3199,3200,3200,3200,3200,3200,3200,3200,3201,3201,3201,3202,3202,3203,3203,3204,3204,3204,3204,3204,3204,3204,3204,3205,3206,3206,3206,3206,3206,3206,3206,3206,3206,3206,3206,3206,3206,3206,3206,3206,3206,3206,3206,3206,3206,3206,3206,3206,3206,3206,3206,3206,3206,3206,3207,3207,3209,3209,3209,3209,3209,3209,3209,3210,3210,3210,3210,3210,3210,3210,3211,3212,3212,3212,3212,3213,3213,3216,3216,3216,3216,3216,3216,3216,3216,3216,3216,3216,3216,3217,3217,3218,3221,3221,3223,3225,3227,3228,3233,3237,3239,3241,3244,3248,3248,3250,3250,3251,3258,3262,3265,3267,3269,3275,3282,3290,3297,3309,3320,3334,3347,3364,3384,3419,3461,3513,3570,3621,3685,3756,3838,3927,4036,4181,4346,4536,4769,5000,5281,5567,5814,6133,6459,6756,7111,7507,7845,8210,8552,8942,9334,9731,10061,10373,10695,10988,11262,11526,11776,12014,12234,12452,12667,12879,13078,13263,13445,13623,13786,13945,14096,14236,14374,14499,14622,14737,14850,14968,15077,15183,15287,15389,15490,15600,15693,15795,15891,15985,16082,16173,16265,16353,16451,16530,16617,16693,16784,16869,16944,17016,17073,17129,17202,17266,17343,17413,17465,17527,17583,17631,17682,17735,17789,17835,17883,17921,17957,17998,18034,18068,18104,18134,18162,18188,18222,18255,18297,18329,18359,18388,18416,18444,18465,18491,18511,18538,18560,18582,18603,18622,18644,18664,18697,18714,18728,18744,18766,18783,18804,18821,18839,18855,18869,18882,18899,18913,18929,18946,18963,18975,18989,19000,19011,19025,19034,19041
,Cambodia,11.55,104.9167,0,0,0,0,0,0,0,0,0,0,0,0,0,0,0,0,0,0,0,0,0,0,0,0,0,0,0,0,0,0,0,0,0,0,0,0,0,0,0,0,0,0,0,0,0,0,0,0,0,0,0,0,0,0,0,0,0,0,0,0,0,0,0,0,0,0,0,0,0,0,0,0,0,0,0,0,0,0,0,0,0,0,0,0,0,0,0,0,0,0,0,0,0,0,0,0,0,0,0,0,0,0,0,0,0,0,0,0,0,0,0,0,0,0,0,0,0,0,0,0,0,0,0,0,0,0,0,0,0,0,0,0,0,0,0,0,0,0,0,0,0,0,0,0,0,0,0,0,0,0,0,0,0,0,0,0,0,0,0,0,0,0,0,0,0,0,0,0,0,0,0,0,0,0,0,0,0,0,0,0,0,0,0,0,0,0,0,0,0,0,0,0,0,0,0,0,0,0,0,0,0,0,0,0,0,0,0,0,0,0,0,0,0,0,0,0,0,0,0,0,0,0,0,0,0,0,0,0,0,0,0,0,0,0,0,0,0,0,0,0,0,0,0,0,0,0,0,0,0,0,0,0,0,0,0,0,0,0,0,0,0,0,0,0,0,0,0,0,0,0,0,0,0,0,0,0,0,0,0,0,0,0,0,0,0,0,0,0,0,0,0,0,0,0,0,0,0,0,0,0,0,0,0,0,0,0,0,0,0,0,0,0,0,0,0,0,0,0,0,0,0,0,0,0,0,0,0,0,0,0,0,0,0,0,0,0,0,0,0,0,0,0,0,0,0,0,0,0,0,0,0,0,0,0,0,0,0,0,0,0,0,0,0,0,0,0,0,0,0,0,0,0,0,0,0,0,0,0,0,0,0,0,0,0,0,0,0,0,0,0,0,0,0,0,0,0,0,0,0,0,0,0,0,0,0,0,0,0,0,0,0,0,0,0,1,1,1,1,1,1,1,1,2,2,3,4,5,5,5,8,8,10,11,11,11,14,16,19,19,21,22,22,24,24,26,30,30,33,35,36,38,39,43,45,49,54,59,61,71,74,79,82,88,91,93,96,103,106,107,110,114,114,114,120,126,131,136,142,147,147,150,154,156,159,164,165,167,176,179,183,190,194,196,203,209,214,220,230,236,242,252,263,266,278,289,300,311,320,335,348,361,368,380,394,414,431,441,459,475,493,509,523,540,556,575,602,628,660,696,720,748,779,798,825,855,881,902,925,953,986,1025,1052,1076,1106,1128,1149,1168,1188,1222,1254,1283,1305,1324,1339,1350,1375,1397,1420,1442,1471,1488,1507,1526,1537,1562,1585,1602,1614,1634,1654,1666,1683,1704,1718,1730,1747,1762,1778,1792,1808,1821,1835,1841,1858,1870,1881,1892,1903,1916,1928,1937,1950,1957,1970,1981,1987,2007,2019,2028,2040,2049,2058,2067,2078,2089,2096,2109,2123,2140,2154,2176,2197,2218,2243,2261,2287,2302,2319,2336,2360,2383,2406,2418,2431,2441,2459,2482,2506,2527,2544,2559,2584,2610,2634,2658,2670,2681,2693,2704,2715,2725,2734,2743,2751,2758,2766,2773,2781,2788,2794,2807,2807,2813,2818,2824,2829,2835,2840,2845,2850,2856,2861,2867,2872,2876,2881,2887,2891,2896,2900,2905,2909
,Indonesia,-0.7893,113.9213,0,0,0,0,0,0,0,0,0,0,0,0,0,0,0,0,0,0,0,0,0,0,0,0,0,0,0,0,0,0,0,0,0,0,0,0,0,0,0,0,0,0,0,0,0,0,0,0,0,1,1,4,5,5,5,5,19,25,32,38,48,49,55,58,78,87,102,114,122,136,157,170,181,191,198,209,221,240,280,306,327,373,399,459,469,496,520,535,582,590,616,635,647,689,720,743,765,773,784,792,800,831,845,864,872,895,930,943,959,973,991,1007,1028,1043,1076,1089,1148,1191,1221,1242,1278,1326,1351,1372,1391,1418,1473,1496,1520,1573,1613,1641,1663,1698,1721,1770,1801,1851,1883,1923,1959,2000,2048,2091,2134,2198,2231,2276,2339,2373,2429,2465,2500,2535,2573,2620,2683,2720,2754,2805,2876,2934,2987,3036,3089,3171,3241,3309,3359,3417,3469,3535,3606,3656,3710,3797,3873,3957,4016,4143,4239,4320,4459,4576,4665,4714,4781,4838,4901,4975,5058,5131,5193,5236,5302,5388,5452,5521,5593,5658,5723,5765,5824,5903,5968,6021,6071,6150,6207,6277,6346,6418,6500,6594,6680,6759,6858,6944,7064,7169,7261,7343,7417,7505,7616,7750,7832,7940,8025,8130,8230,8336,8456,8544,8650,8723,8841,8965,9100,9222,9336,9448,9553,9677,9837,9977,10105,10218,10308,10386,10473,10601,10740,10856,10972,11055,11151,11253,11374,11472,11580,11677,11765,11844,11935,12027,12156,12268,12347,12431,12511,12617,12734,12857,12959,13077,13205,13299,13411,13512,13612,13701,13782,13869,13943,14044,14146,14259,14348,14442,14540,14614,14689,14761,14836,14933,15037,15148,15211,15296,15393,15503,15600,15678,15774,15884,16002,16111,16225,16352,16521,16646,16815,16945,17081,17199,17355,17479,17589,17740,17867,18000,18171,18336,18511,18653,18819,18956,19111,19248,19390,19514,19659,19880,20085,20257,20408,20589,20847,20994,21237,21452,21703,21944,22138,22329,22555,22734,22911,23109,23296,23520,23753,23947,24129,24343,24645,24951,25246,25484,25767,25987,26282,26590,26857,27203,27453,27664,27835,28132,28468,28855,29331,29518,29728,29998,30277,30581,30770,31001,31202,31393,31556,31763,31976,32167,32381,32656,32936,33183,33367,33596,33788,33969,34152,34316,34489,34691,35014,35254,35518,35786,35981,36166,36325,36518,36721,36897,37026,37154,37266,37547,37757,37932,38049,38229,38329,38426,38573,38753,38915,39142,39339,39447,39550,39711,39865,39983,40081,40166,40364,40449,40581,40754,40858,41054,41151,41242,41669,41815,41977,42064,42227,42348,42443,42530,42656,42782,42906,43073,43196,43328,43424,43567,43777,44007,44172,44346,44500,44594,44771,44939,45116,45334,45521,45652,45796,45949,46137,46349,46496,46663,46842,47012,47218,47465,47617,47716,47823,47967,48093,48305,48477,48669,48887,49073,49205,49328,49455,49627,49771,49907,50100,50262,50404,50578,50723,50908,51095,51296,51449,51612,51803,51992,52162,52373,52566,52730,52879,53116,53280,53476,53753,54043,54291,54662,54956,55291,55594,55949,56371,56729,57138,57561,58024,58491,58995,59534,60027,60582,61140,61868,62908,63760,64631,65457,66464,67355,68219,69210,70192,71397,72489,73582,74920,76200,77583,79032,80598,82013,83279,84766,86835,88659,90552,92311,94119,95723,97291,98889,100636,102375,104010,105598,107096,108571,110619,112198,113664,115096,116366,117588,118833,120013,121141,122633,123981,125342,126372,127214,128252,129293,130182,130781,131372,131923,132491,133023,133676,133676,134930,135469,135861,136473,137156,137782,138116,138431,138701,138889,139165,139415,139682,139919,140138,140323,140468,140634,140805,140954,141114,141258,141381,141467,141585,141709,141826,141939,142026,142115,142173,142261,142338,142413,142494,142560,142612,142651,142716,142763,142811,142848,142889,142933,142952,142999,143049,143077,143120,143153,143176,143205,143235,143270,143299,143333,143361,143388,143405,143423,143457,143481,143500,143519,143534,143545,143557,143578,143592,143608,143628,143644,143659,143670,143685,143698,143709,143714,143728,143739,143744,143753
,Laos,19.85627,102.495496,0,0,0,0,0,0,0,0,0,0,0,0,0,0,0,0,0,0,0,0,0,0,0,0,0,0,0,0,0,0,0,0,0,0,0,0,0,0,0,0,0,0,0,0,0,0,0,0,0,0,0,0,0,0,0,0,0,0,0,0,0,0,0,0,0,0,0,0,0,0,0,0,0,0,0,0,0,0,0,0,0,0,0,0,0,0,0,0,0,0,0,0,0,0,0,0,0,0,0,0,0,0,0,0,0,0,0,0,0,0,0,0,0,0,0,0,0,0,0,0,0,0,0,0,0,0,0,0,0,0,0,0,0,0,0,0,0,0,0,0,0,0,0,0,0,0,0,0,0,0,0,0,0,0,0,0,0,0,0,0,0,0,0,0,0,0,0,0,0,0,0,0,0,0,0,0,0,0,0,0,0,0,0,0,0,0,0,0,0,0,0,0,0,0,0,0,0,0,0,0,0,0,0,0,0,0,0,0,0,0,0,0,0,0,0,0,0,0,0,0,0,0,0,0,0,0,0,0,0,0,0,0,0,0,0,0,0,0,0,0,0,0,0,0,0,0,0,0,0,0,0,0,0,0,0,0,0,0,0,0,0,0,0,0,0,0,0,0,0,0,0,0,0,0,0,0,0,0,0,0,0,0,0,0,0,0,0,0,0,0,0,0,0,0,0,0,0,0,0,0,0,0,0,0,0,0,0,0,0,0,0,0,0,0,0,0,0,0,0,0,0,0,0,0,0,0,0,0,0,0,0,0,0,0,0,0,0,0,0,0,0,0,0,0,0,0,0,0,0,0,0,0,0,0,0,0,0,0,0,0,0,0,0,0,0,0,0,0,0,0,0,0,0,0,0,0,0,0,0,0,0,0,0,0,0,0,0,0,0,0,0,0,0,0,0,0,0,0,0,0,0,0,0,0,0,0,0,0,0,0,0,0,0,0,0,0,0,0,0,0,0,0,0,0,0,0,0,0,0,0,0,0,0,0,0,0,0,0,0,0,0,0,0,0,0,0,0,0,0,0,0,0,0,0,0,0,0,0,0,0,0,0,0,0,0,0,0,0,0,0,0,0,0,1,1,1,1,1,2,2,2,2,2,2,2,2,2,2,2,2,2,2,3,3,3,3,3,3,3,3,3,3,3,3,3,3,3,3,3,3,3,3,3,3,3,3,3,3,3,3,3,3,3,3,3,3,3,3,3,3,3,3,3,3,3,3,3,3,3,3,4,4,4,5,5,5,5,5,5,5,5,5,5,6,6,6,7,7,7,7,7,7,7,7,8,8,8,8,9,9,9,9,9,9,9,9,11,11,11,11,11,11,12,12,12,12,14,14,14,14,15,16,16,16,16,16,16,16,16,16,16,16,16,16,16,16,16,16,16,16,16,16,16,16,16,16,17,18,20,21,22,22,22,23,23,24,24,26,30,33,35,36,36,38,40,40,45,47,49,49,50,52,53,56,59,59,61,62,65,67,70,73,76,77,81,82,86,89,91,93,94,96,99,104,110,112,116,119,126,132,133,137
,Malaysia,4.210484,101.975766,0,0,0,0,0,0,0,0,0,0,0,0,0,0,0,0,0,0,0,0,0,0,0,0,0,0,0,0,0,0,0,0,0,0,0,0,0,0,0,0,0,0,0,0,0,0,0,0,0,0,0,0,0,0,0,2,2,2,3,7,11,16,18,21,26,28,34,39,43,48,50,52,57,60,62,64,65,66,68,71,74,79,80,83,85,87,88,88,89,90,92,94,95,96,98,98,99,100,101,103,103,104,105,105,107,107,108,108,109,110,110,111,113,113,113,113,113,114,114,114,115,115,115,115,115,115,115,115,115,115,115,115,115,115,116,117,117,117,117,117,118,119,121,121,121,121,121,121,121,121,121,121,121,121,121,121,121,121,121,121,121,121,121,121,121,121,121,121,121,121,122,122,122,122,122,122,122,123,123,123,123,123,123,123,123,123,124,124,124,125,125,125,125,125,125,125,125,125,125,125,125,125,125,125,125,125,125,125,125,125,125,125,125,125,125,125,125,125,125,125,126,127,127,128,128,128,128,128,128,128,128,128,128,128,128,128,129,129,129,129,130,131,131,131,132,133,133,133,134,135,136,136,136,136,138,139,141,144,145,148,153,157,160,163,166,170,174,176,182,188,190,197,201,208,219,228,231,237,239,241,251,255,258,263,266,268,270,271,277,279,282,286,294,300,302,303,304,306,309,313,318,322,326,329,332,335,337,341,345,348,350,354,357,360,362,364,375,375,379,382,384,388,393,396,402,411,415,419,422,429,432,432,433,437,438,439,444,446,449,451,452,455,457,463,471,474,483,494,501,512,513,521,537,542,551,555,559,563,578,586,594,601,605,619,630,642,660,667,678,689,700,707,717,733,746,760,770,791,809,826,845,857,872,896,909,923,924,942,948,956,967,976,999,1000,1039,1048,1054,1061,1081,1093,1106,1116,1126,1135,1140,1146,1153,1158,1164,1171,1174,1182,1191,1196,1205,1208,1211,1215,1218,1223,1225,1228,1230,1234,1238,1243,1244,1246,1248,1249,1251,1255,1260,1264,1272,1278,1283,1286,1288,1295,1300,1304,1308,1313,1321,1329,1333,1345,1353,1363,1365,1370,1378,1386,1389,1400,1407,1415,1426,1436,1449,1462,1477,1492,1506,1521,1533,1551,1574,1591,1610,1632,1657,1683,1700,1722,1761,1788,1822,1866,1902,1947,1994,2040,2099,2149,2199,2248,2309,2369,2432,2491,2552,2650,2729,2796,2867,2993,3096,3182,3291,3378,3460,3536,3611,3684,3768,3844,3908,3968,4069,4142,4202,4276,4348,4408,4477,4554,4637,4721,4803,4884,4944,5001,5108,5170,5254,5327,5434,5497,5574,5677,5768,5903,5980,6067,6157,6260,6385,6503,6613,6728,6866,7019,7148,7241,7440,7574,7718,7902,7994,8201,8408,8551,8725,8859,9024,9184,9403,9598,9855,10019,10179,10389,10749,10961,11162,11373,11691,11968,12228,12510,12784,13077,13302,13480,13713,13936,14168,14342,14553,14818,15211,15550,15802,16087,16382,16664,16942,17191,17521,17883,18219,18491,18802,19164,19486,19827,20419,20711,21124,21587,22009,22355,22743,23067,23443,23744,24078,24565,24681,24931,25159,25437,25695,25935,26143,26335,26456,26565,26683,26759,26876,26981,27113,27191,27265,27329,27422,27525,27593,27681,27770,27858,27921,27993,28062,28138,28234,28312,28354,28400,28492,28576,28674,28769,28832,28876,28912,28975,29045,29091,29155,29202,29256,29291,29349,29427,29486,29535,29576,29631,29676,29729,29769,29837,29892,29937,29978,30002,30063,30110
,Philippines,12.879721,121.774017,0,0,0,0,0,0,0,0,0,0,0,1,1,1,1,1,1,1,1,1,1,1,1,1,1,1,1,1,1,1,1,1,1,1,1,1,1,1,1,1,1,1,1,1,1,1,1,1,1,1,2,5,8,11,12,12,19,17,18,19,25,33,35,38,45,54,68,71,78,88,96,107,136,144,152,163,177,182,203,221,247,297,315,335,349,362,387,397,409,428,437,446,462,477,494,501,511,530,558,568,579,603,607,623,637,658,685,696,704,719,726,751,772,790,806,817,824,831,837,842,846,857,863,868,873,886,904,921,942,950,957,960,966,974,984,987,994,1003,1011,1017,1027,1036,1052,1074,1088,1098,1103,1108,1116,1130,1150,1169,1177,1186,1204,1212,1224,1236,1244,1255,1266,1270,1274,1280,1290,1297,1303,1309,1314,1314,1360,1372,1534,1599,1603,1614,1643,1660,1773,1831,1835,1837,1843,1871,1879,1897,1932,1945,1947,1962,1983,2023,2039,2059,2104,2115,2123,2150,2168,2209,2270,2294,2312,2404,2426,2442,2600,2665,2681,2687,2795,2883,2940,2966,2998,3010,3038,3137,3234,3325,3419,3520,3558,3597,3623,3688,3737,3790,3875,3890,3916,3986,4066,4108,4292,4371,4630,4663,4732,4785,4830,4930,4984,4999,5049,5091,5127,5196,5284,5344,5381,5448,5504,5562,5616,5678,5776,5840,5865,5925,6069,6152,6238,6321,6332,6372,6449,6497,6531,6603,6652,6675,6690,6747,6783,6915,6934,6977,7039,7053,7114,7147,7185,7221,7238,7269,7318,7367,7409,7461,7485,7539,7647,7661,7710,7721,7752,7791,7832,7839,7862,7957,7998,8025,8080,8123,8173,8185,8215,8242,8255,8333,8373,8392,8418,8436,8446,8509,8526,8554,8572,8670,8677,8701,8709,8730,8733,8757,8812,8833,8850,8875,8911,8947,8957,9021,9048,9055,9062,9067,9109,9124,9162,9230,9244,9248,9253,9257,9263,9321,9347,9356,9364,9398,9405,9416,9554,9699,9739,9876,9884,9895,9909,9978,10042,10116,10136,10190,10242,10292,10386,10481,10552,10600,10669,10749,10807,10874,10942,10997,11058,11110,11179,11231,11296,11401,11469,11495,11507,11515,11517,11524,11577,11673,11829,12068,12088,12094,12107,12129,12201,12247,12289,12318,12322,12369,12389,12404,12423,12465,12516,12521,12528,12545,12608,12694,12766,12829,12837,12848,12866,12887,12900,12930,12968,12972,12992,13039,13095,13149,13159,13170,13186,13191,13297,13303,13320,13423,13425,13435,13817,14059,14119,14520,14744,14945,15149,15286,15447,15594,15738,15810,15960,16048,16141,16265,16370,16529,16674,16783,16853,16916,17031,17145,17234,17354,17431,17525,17622,17800,17991,18099,18269,18472,18562,18620,18714,18821,18958,19051,19191,19262,19372,19507,19641,19763,19946,19951,19983,20019,20169,20379,20566,20722,20860,20966,21012,21158,21357,21537,21732,21898,21969,22064,22190,22312,22507,22652,22788,22845,22963,23121,23276,23385,23538,23621,23749,23809,23928,24036,24152,24244,24372,24456,24557,24662,24797,24973,25063,25149,25192,25296,25459,25650,25720,25816,25921,26015,26092,26232,26314,26476,26598,26714,26786,26844,26874,26891,26891,27131,27224,27247,27318,27401,27577,27722,27889,28016,28093,28141,28231,28427,28673,28835,29122,29128,29220,29374,29539,29838,30070,30340,30366,30462,30623,30881,31198,31596,31810,31961,32264,32492,32728,32841,33008,33109,33330,33448,33533,33680,33873,34062,34234,34337,34498,34672,34733,34899,34978,35145,35307,35529,35742,36018,36328,36583,36788,36934,37074,37228,37405,37405,37405,37405,37405,37596,38164,38294,38493,38656,38768,38828,38828,38828,38828,39232,39505,39624,39660,39896,40069,40221,40424,40580,40675,40761,40972,40977,41237,41520,41585,41793,41942,42077,42348,42348,42621,43044,43172,43276,43404,43586,43825,44085,44239,44430,44521,44567,44567,44866,45035,45272,45581,45709,45808,46117,46422,46698,46903,47074,47288,47482
,Singapore,1.2833,103.8333,0,0,0,0,0,0,0,0,0,0,0,0,0,0,0,0,0,0,0,0,0,0,0,0,0,0,0,0,0,0,0,0,0,0,0,0,0,0,0,0,0,0,0,0,0,0,0,0,0,0,0,0,0,0,0,0,0,0,0,2,2,2,2,2,2,2,2,3,3,3,3,4,5,6,6,6,6,6,6,7,8,8,9,10,10,10,11,11,11,11,11,12,12,12,12,12,14,14,14,15,16,17,18,18,18,20,20,20,20,20,21,21,21,21,21,22,22,22,22,22,23,23,23,23,23,23,23,23,23,23,23,24,24,24,24,24,25,25,25,25,25,25,25,26,26,26,26,26,26,26,26,26,26,26,26,26,26,26,26,26,26,26,26,26,26,26,26,26,26,26,26,26,26,26,27,27,27,27,27,27,27,27,27,27,27,27,27,27,27,27,27,27,27,27,27,27,27,27,27,27,27,27,27,27,27,27,27,27,27,27,27,27,27,27,27,27,27,27,27,27,27,27,27,27,27,27,27,27,27,27,27,27,27,27,27,27,27,27,27,27,27,27,27,27,27,27,27,27,27,27,27,27,27,27,27,27,27,27,27,27,27,27,27,27,28,28,28,28,28,28,28,28,28,28,28,28,28,28,28,28,28,28,28,28,28,28,28,28,28,28,28,28,28,28,28,28,28,28,28,28,28,28,28,28,28,28,28,28,28,28,28,29,29,29,29,29,29,29,29,29,29,29,29,29,29,29,29,29,29,29,29,29,29,29,29,29,29,29,29,29,29,29,29,29,29,29,29,29,29,29,29,29,29,29,29,29,29,29,29,29,29,29,29,29,29,29,29,29,29,29,29,29,29,29,29,29,29,29,29,29,29,29,29,29,29,29,29,29,29,29,29,29,29,29,29,29,29,29,29,29,29,29,29,29,29,29,29,29,29,29,29,29,29,29,29,29,30,30,30,30,30,30,30,30,30,30,30,30,30,30,30,30,30,30,30,30,30,30,30,30,30,30,30,30,30,30,30,30,30,30,30,30,30,30,30,30,30,30,30,30,30,30,30,30,30,31,31,31,31,31,31,31,31,31,31,31,31,31,31,31,31,31,31,31,32,32,32,32,32,32,32,32,32,32,33,33,33,33,33,33,33,33,33,34,34,34,34,34,34,34,34,34,34,34,34,34,35,35,35,35,35,36,36,36,36,36,36,36,36,36,36,36,36,36,36,36,36,36,36,36,36,36,36,36,36,36,36,36,36,37,37,37,37,37,37,37,37,37,38,38,39,40,41,42,42,42,42,43,43,44,44,44,44,45,46,46,47,47,49,50,50,52,52,52,55,55,55,55,55,55,55,55,55,55,55,56,57,58,58,58,58,58,58,59,59,60,60,62,65,68,70,73,76,78,80,85,93,95,103,107,113,121,130,133,136,142,153,162,172,183,192,207,215,224,233,239,246,264,280,294,300,315,329,339,349,364,380,394,407,421,430,442,459,468,480,497,511,523,540,548,562,576,586,594,612,619,619,641,654,662,667,672
,Thailand,15.870032,100.992541,0,0,0,0,0,0,0,0,0,0,0,0,0,0,0,0,0,0,0,0,0,0,0,0,0,0,0,0,0,0,0,0,0,0,0,0,0,0,0,1,1,1,1,1,1,1,1,1,1,1,1,1,1,1,1,1,1,1,1,1,1,1,4,4,4,5,6,7,9,10,12,15,19,20,23,26,27,30,32,33,35,38,40,41,43,46,47,47,47,47,48,49,50,50,51,51,52,54,54,54,54,54,54,54,54,55,55,55,56,56,56,56,56,56,56,56,56,56,56,56,56,56,56,56,57,57,57,57,57,57,57,57,58,58,58,58,58,58,58,58,58,58,58,58,58,58,58,58,58,58,58,58,58,58,58,58,58,58,58,58,58,58,58,58,58,58,58,58,58,58,58,58,58,58,58,58,58,58,58,58,58,58,58,58,58,58,58,58,58,58,58,58,58,58,58,58,58,58,58,58,58,58,58,58,58,58,58,58,58,58,58,58,58,58,58,58,58,58,58,58,58,58,58,58,58,58,58,58,58,58,58,58,58,58,58,58,58,58,58,58,58,59,59,59,59,59,59,59,59,59,59,59,59,59,59,59,59,59,59,59,59,59,59,59,59,59,59,59,59,59,59,59,59,59,59,59,59,59,59,59,59,59,59,59,59,59,59,59,60,60,60,60,60,60,60,60,60,60,60,60,60,60,60,60,60,60,60,60,60,60,60,60,60,60,60,60,60,60,60,60,60,60,60,60,60,60,60,60,60,60,60,60,60,60,60,60,60,60,60,60,60,61,61,61,63,64,64,65,65,66,67,67,67,67,67,67,67,67,69,70,70,70,70,71,71,71,71,72,73,75,75,76,76,77,77,77,79,79,79,79,79,79,79,79,79,80,80,80,80,80,82,82,82,83,83,83,83,83,83,83,83,83,83,83,83,84,85,85,85,85,85,85,85,85,85,85,86,87,87,88,89,89,90,90,90,91,92,92,92,92,93,94,94,94,94,94,94,95,95,95,95,95,95,96,97,97,97,97,97,97,97,99,101,104,108,110,117,121,129,140,148,163,178,188,203,224,245,276,303,318,336,363,382,399,421,452,486,518,548,565,589,614,649,678,703,735,759,776,806,832,873,920,954,988,1012,1031,1069,1107,1146,1177,1213,1236,1269,1297,1332,1375,1402,1431,1449,1466,1485,1525,1555,1577,1609,1629,1658,1693,1744,1775,1819,1870,1912,1934,1970,2023,2080,2141,2182,2226,2276,2333,2387,2462,2534,2625,2711,2791,2847,2934,3032,3099,3240,3341,3422,3502,3610,3697,3811,3930,4059,4146,4264,4397,4562,4679,4857,4990,5168,5315,5503,5663,5854,6066,6204,6353,6588,6795,6942,7126,7343,7552,7734,7973,8285,8586,8826,9087,9320,9562,9788,10085,10314,10587,10879,11143,11399,11589,11841,12103,12374,12631,12855,13042,13283,13511,13731,13920,14173,14353,14485,14621,14765,14953,15124,15246,15363,15469,15612,15753,15884,16016,16143,16268,16369,16498,16620,16727,16850,16937,17014,17111,17203,17418,17418,17534,17607,17691,17751,17835,17917,18029,18123,18205,18273,18336,18407,18486,18559,18625,18699,18755,18799,18865,18922,19006,19070,19158,19205,19260,19394,19394,19542,19611,19611,19664,19703,19764,19826,19883,19934,19989,20036,20081,20143,20199,20254,20305,20358,20387,20436,20489
,Timor-Leste,-8.874217,125.727539,0,0,0,0,0,0,0,0,0,0,0,0,0,0,0,0,0,0,0,0,0,0,0,0,0,0,0,0,0,0,0,0,0,0,0,0,0,0,0,0,0,0,0,0,0,0,0,0,0,0,0,0,0,0,0,0,0,0,0,0,0,0,0,0,0,0,0,0,0,0,0,0,0,0,0,0,0,0,0,0,0,0,0,0,0,0,0,0,0,0,0,0,0,0,0,0,0,0,0,0,0,0,0,0,0,0,0,0,0,0,0,0,0,0,0,0,0,0,0,0,0,0,0,0,0,0,0,0,0,0,0,0,0,0,0,0,0,0,0,0,0,0,0,0,0,0,0,0,0,0,0,0,0,0,0,0,0,0,0,0,0,0,0,0,0,0,0,0,0,0,0,0,0,0,0,0,0,0,0,0,0,0,0,0,0,0,0,0,0,0,0,0,0,0,0,0,0,0,0,0,0,0,0,0,0,0,0,0,0,0,0,0,0,0,0,0,0,0,0,0,0,0,0,0,0,0,0,0,0,0,0,0,0,0,0,0,0,0,0,0,0,0,0,0,0,0,0,0,0,0,0,0,0,0,0,0,0,0,0,0,0,0,0,0,0,0,0,0,0,0,0,0,0,0,0,0,0,0,0,0,0,0,0,0,0,0,0,0,0,0,0,0,0,0,0,0,0,0,0,0,0,0,0,0,0,0,0,0,0,0,0,0,0,0,0,0,0,0,0,0,0,0,0,0,0,0,0,0,0,0,0,0,0,0,0,0,0,0,0,0,0,0,0,0,0,0,0,0,0,0,0,0,0,0,0,0,0,0,0,0,0,0,0,0,0,0,0,0,0,0,0,0,0,0,0,0,0,0,0,0,0,0,0,0,0,0,0,0,0,0,0,0,0,0,0,0,0,0,0,0,0,0,0,0,0,0,0,0,0,0,0,0,0,0,0,0,0,0,0,0,0,0,0,0,0,0,0,0,0,0,0,0,0,0,0,0,0,0,0,0,1,1,1,1,1,1,1,2,2,2,2,2,2,2,2,2,3,3,3,3,3,3,3,3,3,3,4,4,4,4,4,4,4,4,5,5,5,8,8,8,10,10,10,11,11,11,11,13,13,13,14,15,15,16,16,16,16,16,16,17,17,17,17,17,18,18,18,18,18,19,19,19,19,19,19,19,19,19,19,20,20,21,21,21,22,23,24,24,24,24,25,25,25,25,25,25,25,25,25,25,25,26,26,26,26,26,26,26,26,26,26,26,26,26,26,26,26,26,26,26,26,26,26,26,27,28,29,29,29,29,29,30,33,38,40,41,42,46,48,49,51,52,56,58,59,62,64,67,72,74,74,78,80,82,85,86,88,88,90,95,96,98,100,102,103,103,104,105,107,108,109,111,113,113,113,114,115,117,117,118,118,118,119,119,119,119,119,119,119,119,119,119,119,119,119,119,120,120,120,120,120,121,121,121,121,122,122,122,122,122,122,122,122,122,122,122,122,122,122,122,122,122,122,122,122,122,122,122,122,122,122,122
,Vietnam,14.058324,108.277199,0,0,0,0,0,0,0,0,0,0,0,0,0,0,0,0,0,0,0,0,0,0,0,0,0,0,0,0,0,0,0,0,0,0,0,0,0,0,0,0,0,0,0,0,0,0,0,0,0,0,0,0,0,0,0,0,0,0,0,0,0,0,0,0,0,0,0,0,0,0,0,0,0,0,0,0,0,0,0,0,0,0,0,0,0,0,0,0,0,0,0,0,0,0,0,0,0,0,0,0,0,0,0,0,0,0,0,0,0,0,0,0,0,0,0,0,0,0,0,0,0,0,0,0,0,0,0,0,0,0,0,0,0,0,0,0,0,0,0,0,0,0,0,0,0,0,0,0,0,0,0,0,0,0,0,0,0,0,0,0,0,0,0,0,0,0,0,0,0,0,0,0,0,0,0,0,0,0,0,0,0,0,0,0,0,0,0,0,0,0,0,3,3,6,7,8,9,10,10,10,13,15,16,18,21,22,24,24,25,26,25,25,25,26,27,27,27,30,30,30,32,32,34,34,34,35,35,35,35,35,35,35,35,35,35,35,35,35,35,35,35,35,35,35,35,35,35,35,35,35,35,35,35,35,35,35,35,35,35,35,35,35,35,35,35,35,35,35,35,35,35,35,35,35,35,35,35,35,35,35,35,35,35,35,35,35,35,35,35,35,35,35,35,35,35,35,35,35,35,35,35,35,35,35,35,35,35,35,35,35,35,35,35,35,35,35,35,35,35,35,35,35,35,35,35,35,35,35,35,35,35,35,35,35,35,35,35,35,35,35,35,35,35,35,35,35,35,35,35,35,35,35,35,35,35,35,35,35,35,35,35,35,35,35,35,35,35,35,35,35,35,35,35,35,35,35,35,35,35,35,35,35,35,35,35,35,35,35,35,35,35,35,35,35,35,35,35,35,35,35,35,35,35,35,35,35,35,35,35,35,35,35,35,35,35,35,35,35,35,35,35,35,35,35,35,35,35,35,35,35,35,35,35,35,35,35,35,35,35,35,35,35,35,35,35,35,35,35,35,35,35,35,35,35,35,35,35,35,35,35,35,35,35,35,35,35,35,35,35,35,35,35,35,35,35,35,35,35,35,36,37,37,37,37,39,41,42,43,44,44,45,46,47,47,47,47,48,49,49,51,53,53,53,55,55,55,57,58,59,59,61,61,61,62,64,66,69,69,70,72,74,74,76,78,80,81,81,84,84,86,90,97,102,104,110,112,119,125,132,138,207,225,225,254,334,334,370,370,370,370,370,524,524,630,1022,1161,1306,1306,1306,2071,2327,2720,3016,3250,3397,3757,4145,4487,4813,5088,5437,5774,6141,6472,6770,7150,7540,7540,8277,8666,9014,9349,9667,10053,10405,10749,11064,11064,11868,12138,12446,12793,13074,13385,13701,14135,14470,14745,15018,15279,15660,15936,16186,16425,16637,16857,17090,17305,17545,17781,18017,18220,18400,18584,18758,18936,19098,19301,19437,19601,19715,19845,19979,20098,20223,20337,20442,20555,20670,20763,20869,20950,21043,21131,21194,21269,21344,21416,21487,21543,21620,21673,21738,21802,21856,21910,21966,22030,22083,22131,22205,22283,22342,22412,22470,22531,22598,22686,22765,22849,22930,23018,23082,23183,23270,23337,23476,23578,23685,23761,23951,24118
